날짜,요일,공휴일여부,평균기온,최고기온,최저기온,강수량,대여건수
2024-03-01,금,1,-4.1,0.3,-7.1,0,45203
2024-03-02,토,0,-0.5,4.1,-8.1,0.0,54615
2024-03-03,일,0,4.0,7.8,0.4,0,65372
2024-03-04,월,0,5.4,11.7,-1.8,0,108117
2024-03-05,화,0,8.0,11.0,5.5,0,110772
2024-03-06,수,0,6.2,10.3,2.5,0,116831
2024-03-07,목,0,3.9,8.2,1.2,2.1,98078
2024-03-08,금,0,2.1,6.5,-0.7,0,99701
2024-03-09,토,0,2.0,7.1,-2.1,0,78186
2024-03-10,일,0,4.2,10.6,-1.8,0,81203
2024-03-11,월,0,6.2,10.8,2.0,0,114632
2024-03-12,화,0,6.6,10.0,4.4,2.1,79698
2024-03-13,수,0,6.5,12.0,1.3,0,120864
2024-03-14,목,0,8.5,15.4,3.4,0,126949
2024-03-15,금,0,8.9,14.5,4.0,0,130976
2024-03-16,토,0,10.9,18.3,4.4,0,118333
2024-03-17,일,0,8.8,12.2,5.4,0.1,87957
2024-03-18,월,0,7.1,13.2,1.4,0,123578
2024-03-19,화,0,6.7,9.8,3.9,0.2,102639
2024-03-20,수,0,4.4,8.7,1.2,0,112260
2024-03-21,목,0,5.0,11.5,-1.2,0,122103
2024-03-22,금,0,10.4,15.2,3.8,5.4,81644
2024-03-23,토,0,13.0,18.2,9.3,0.1,123500
2024-03-24,일,0,16.2,23.4,10.5,0,142055
2024-03-25,월,0,10.6,14.5,6.7,5.1,58719
2024-03-26,화,0,7.4,12.4,3.2,11.5,87492
2024-03-27,수,0,10.4,16.2,4.4,0,141383
2024-03-28,목,0,10.3,12.2,7.8,1.9,88257
2024-03-29,금,0,7.6,12.3,5.0,1.4,91977
2024-03-30,토,0,8.8,15.6,3.0,0,111701
2024-03-31,일,0,10.6,17.7,3.4,0,126239
2024-04-01,월,0,12.2,19.0,5.5,0,149991
2024-04-02,화,0,15.4,23.9,7.0,0,167894
2024-04-03,수,0,16.6,19.7,13.9,0.0,152441
2024-04-04,목,0,15.5,20.3,12.4,0,169106
2024-04-05,금,0,14.0,18.8,10.2,0,175764
2024-04-06,토,0,12.7,18.9,8.0,0,160690
2024-04-07,일,0,14.8,23.4,7.7,0,155133
2024-04-08,월,0,16.2,22.8,11.0,0,165749
2024-04-09,화,0,15.3,20.8,10.6,0,175188
2024-04-10,수,1,13.8,18.5,10.2,0,153278
2024-04-11,목,0,15.5,21.1,11.7,0.0,159006
2024-04-12,금,0,17.2,24.2,12.0,0,178576
2024-04-13,토,0,19.1,27.3,11.2,0,162837
2024-04-14,일,0,20.8,29.4,13.6,0,147694
2024-04-15,월,0,16.0,20.0,11.7,17.1,62438
2024-04-16,화,0,13.3,17.9,11.5,2.3,121306
2024-04-17,수,0,15.0,21.8,9.7,0,163243
2024-04-18,목,0,17.3,24.9,10.7,0,170381
2024-04-19,금,0,17.6,24.3,11.5,0,176541
2024-04-20,토,0,14.9,17.2,13.0,4.8,41458
2024-04-21,일,0,17.2,21.7,13.3,0,129188
2024-04-22,월,0,18.8,24.1,15.0,0,176564
2024-04-23,화,0,17.3,24.2,13.2,0.0,151832
2024-04-24,수,0,13.2,16.5,11.0,9.0,109246
2024-04-25,목,0,14.4,20.8,10.3,0,170643
2024-04-26,금,0,17.8,26.0,11.4,0,180690
2024-04-27,토,0,18.2,26.2,11.5,0,161802
2024-04-28,일,0,20.7,28.9,13.0,0,147984
2024-04-29,월,0,20.9,26.1,16.9,0,180029
2024-04-30,화,0,18.6,22.5,16.0,0,182932
2024-05-01,수,0,18.5,24.0,13.9,0,181438
2024-05-02,목,0,18.1,23.7,12.4,0,186104
2024-05-03,금,0,19.7,27.9,12.2,0,190509
2024-05-04,토,0,21.4,28.5,14.6,0.0,157009
2024-05-05,일,1,17.8,20.6,15.7,48.3,14293
2024-05-06,월,1,13.9,15.7,13.4,12.3,25673
2024-05-07,화,0,13.3,15.0,12.2,2.4,73345
2024-05-08,수,0,14.7,21.4,9.0,0,176774
2024-05-09,목,0,16.1,21.8,10.9,0,177939
2024-05-10,금,0,17.9,23.8,12.5,0,189084
2024-05-11,토,0,17.0,22.0,14.0,31.7,62195
2024-05-12,일,0,16.6,21.6,11.9,0,146929
2024-05-13,월,0,18.3,24.5,11.9,0,182526
2024-05-14,화,0,18.8,24.7,12.7,0,192253
2024-05-15,수,1,12.6,18.8,7.2,20.6,54565
2024-05-16,목,0,13.7,19.8,6.9,0.1,171714
2024-05-17,금,0,18.3,24.9,10.8,0,190734
2024-05-18,토,0,20.7,26.5,16.0,0,169966
2024-05-19,일,0,21.5,27.9,15.9,0,152132
2024-05-20,월,0,19.4,22.8,16.8,0,178239
2024-05-21,화,0,21.7,28.3,16.3,0,186283
2024-05-22,수,0,20.5,25.5,16.4,0,186666
2024-05-23,목,0,20.2,26.4,15.8,0,185646
2024-05-24,금,0,20.1,24.7,15.7,0,189907
2024-05-25,토,0,21.4,24.7,18.7,0,167427
2024-05-26,일,0,19.9,23.7,17.0,8.7,62695
2024-05-27,월,0,18.5,22.6,14.1,0,179249
2024-05-28,화,0,20.4,26.1,14.3,0,193336
2024-05-29,수,0,21.2,26.8,15.4,0,189804
2024-05-30,목,0,20.7,24.6,16.2,0,187436
2024-05-31,금,0,20.4,25.4,16.9,1.0,186885
2024-06-01,토,0,20.7,25.2,17.5,0.0,167881
2024-06-02,일,0,20.4,25.8,15.7,0,154183
2024-06-03,월,0,22.2,28.7,15.7,0,187310
2024-06-04,화,0,22.8,29.3,16.3,0,194244
2024-06-05,수,0,23.6,30.1,18.1,0,193154
2024-06-06,목,1,24.1,31.4,19.3,0,150187
2024-06-07,금,0,23.1,28.0,18.3,0.8,176150
2024-06-08,토,0,20.3,25.0,17.9,16.9,108164
2024-06-09,일,0,22.9,28.8,17.4,0,144224
2024-06-10,월,0,24.7,31.1,19.0,0,184800
2024-06-11,화,0,25.4,31.6,21.7,0,185328
2024-06-12,수,0,24.8,31.8,19.2,0,185721
2024-06-13,목,0,26.4,32.8,20.0,0,180563
2024-06-14,금,0,26.3,33.0,21.4,0,184759
2024-06-15,토,0,24.2,28.2,21.8,6.1,135545
2024-06-16,일,0,24.3,29.5,19.9,0,138902
2024-06-17,월,0,24.8,30.2,18.9,0,183969
2024-06-18,화,0,26.0,32.9,20.4,0,185021
2024-06-19,수,0,28.8,35.8,21.4,0,176973
2024-06-20,목,0,29.4,35.4,23.4,0,176281
2024-06-21,금,0,28.1,33.9,22.9,0,181227
2024-06-22,토,0,24.2,26.1,22.6,16.5,60127
2024-06-23,일,0,25.1,30.1,22.5,5.1,106451
2024-06-24,월,0,24.3,27.9,21.2,0.0,176776
2024-06-25,화,0,22.9,27.2,19.1,0,194240
2024-06-26,수,0,24.9,31.6,18.9,0,186826
2024-06-27,목,0,26.3,31.6,20.6,0,184931
2024-06-28,금,0,26.6,32.5,21.3,0,178132
2024-06-29,토,0,26.7,32.3,21.6,38.3,99998
2024-06-30,일,0,23.5,24.9,22.0,32.2,95581
2024-07-01,월,0,26.3,31.3,22.0,0,182396
2024-07-02,화,0,23.2,25.2,21.9,65.1,39423
2024-07-03,수,0,24.7,25.9,23.6,0.8,164906
2024-07-04,목,0,26.8,30.6,23.2,3.6,158334
2024-07-05,금,0,23.4,26.1,21.3,4.1,170978
2024-07-06,토,0,25.1,30.0,22.1,2.8,95366
2024-07-07,일,0,24.4,28.2,21.5,28.7,82460
2024-07-08,월,0,23.8,24.5,23.1,21.1,49081
2024-07-09,화,0,24.5,26.7,22.7,0.3,131038
2024-07-10,수,0,26.6,31.1,22.7,1.4,157065
2024-07-11,목,0,25.7,28.9,23.3,0,176873
2024-07-12,금,0,25.6,30.2,21.8,0,178460
2024-07-13,토,0,28.1,33.3,23.5,0.0,132043
2024-07-14,일,0,28.4,32.1,24.9,0.4,116654
2024-07-15,월,0,28.4,31.3,24.5,0.0,166482
2024-07-16,화,0,27.0,30.7,24.6,17.0,93989
2024-07-17,수,0,25.4,28.1,24.1,98.8,52002
2024-07-18,목,0,24.3,25.6,23.1,128.8,42867
2024-07-19,금,0,27.0,30.8,24.2,0.1,158610
2024-07-20,토,0,27.2,30.6,25.1,14.9,84489
2024-07-21,일,0,26.5,29.8,22.5,8.5,97478
2024-07-22,월,0,26.6,27.9,24.3,79.9,85670
2024-07-23,화,0,26.4,27.3,25.8,2.0,113303
2024-07-24,수,0,28.1,30.9,26.0,14.7,126749
2024-07-25,목,0,28.8,32.2,25.4,25.3,131183
2024-07-26,금,0,28.7,32.7,25.2,5.5,117447
2024-07-27,토,0,28.9,31.7,27.5,33.5,76397
2024-07-28,일,0,29.2,32.2,27.3,0.0,102034
2024-07-29,월,0,27.4,27.8,26.8,0.0,138807
2024-07-30,화,0,28.6,31.9,26.3,0,150496
2024-07-31,수,0,29.4,33.3,27.0,0,149854
2024-08-01,목,0,29.9,33.2,27.3,0.3,145474
2024-08-02,금,0,29.6,32.5,28.2,0,140142
2024-08-03,토,0,30.2,34.2,27.2,0,105221
2024-08-04,일,0,31.8,36.2,27.3,0,89610
2024-08-05,월,0,30.0,33.7,26.9,1.3,123142
2024-08-06,화,0,29.5,33.5,25.6,0.0,136530
2024-08-07,수,0,29.6,33.4,27.2,3.4,141020
2024-08-08,목,0,28.5,31.6,26.9,0.0,137386
2024-08-09,금,0,29.3,33.6,25.6,0,139464
2024-08-10,토,0,30.0,33.6,26.4,0,114522
2024-08-11,일,0,30.8,34.4,27.8,0,99621
2024-08-12,월,0,31.1,34.1,28.2,0,143204
2024-08-13,화,0,31.3,36.4,28.1,0.0,134056
2024-08-14,수,0,30.0,34.9,27.3,3.0,132712
2024-08-15,목,1,29.2,34.6,26.7,6.4,102406
2024-08-16,금,0,29.8,34.3,26.8,0.0,140837
2024-08-17,토,0,29.8,34.0,27.2,11.0,105960
2024-08-18,일,0,29.5,33.9,27.0,0.0,93507
2024-08-19,월,0,29.7,35.3,26.3,2.3,142987
2024-08-20,화,0,31.4,35.4,27.0,0.0,146658
2024-08-21,수,0,28.4,30.8,26.9,42.2,73100
2024-08-22,목,0,28.6,30.3,27.1,0.6,125870
2024-08-23,금,0,28.4,31.8,26.4,0.0,151300
2024-08-24,토,0,27.6,30.9,25.1,2.0,105512
2024-08-25,일,0,28.5,32.7,24.9,0,101721
2024-08-26,월,0,28.1,30.6,25.6,0.0,142228
2024-08-27,화,0,26.5,30.3,24.6,0.3,149054
2024-08-28,수,0,28.2,33.2,23.0,0,166225
2024-08-29,목,0,28.4,33.5,23.4,0,166651
2024-08-30,금,0,28.0,32.9,23.7,0,167321
2024-08-31,토,0,27.6,33.0,22.6,0,134543
2024-09-01,일,0,27.1,31.6,24.6,0,125167
2024-09-02,월,0,24.5,26.9,22.2,2.7,153783
2024-09-03,화,0,27.0,32.0,23.2,0,178888
2024-09-04,수,0,27.9,33.3,23.2,0,176833
2024-09-05,목,0,26.3,28.8,25.6,6.9,142454
2024-09-06,금,0,24.0,25.7,23.3,0.7,150519
2024-09-07,토,0,26.5,31.3,22.8,0.0,148977
2024-09-08,일,0,27.2,32.8,22.6,0,131424
2024-09-09,월,0,28.5,34.1,24.1,0,170512
2024-09-10,화,0,29.4,33.9,25.6,0,169970
2024-09-11,수,0,29.0,34.6,25.4,0.4,154063
2024-09-12,목,0,25.4,27.1,24.8,32.7,62023
2024-09-13,금,0,25.9,28.0,24.2,7.6,75818
2024-09-14,토,0,28.0,32.2,25.2,0.0,115906
2024-09-15,일,0,27.5,32.4,24.2,0,102887
2024-09-16,월,1,26.8,32.2,21.3,9.5,89289
2024-09-17,화,1,28.6,33.2,25.8,0,79398
2024-09-18,수,1,29.4,33.6,26.5,0.7,101361
2024-09-19,목,0,29.1,32.6,25.6,0,155483
2024-09-20,금,0,25.0,28.6,17.9,54.5,49119
2024-09-21,토,0,19.3,21.9,17.1,27.0,112105
2024-09-22,일,0,21.0,26.7,16.9,0,159560
2024-09-23,월,0,20.8,26.1,16.6,0,188278
2024-09-24,화,0,21.0,26.9,15.6,0,191145
2024-09-25,수,0,23.3,27.3,18.6,0.0,187720
2024-09-26,목,0,23.6,28.0,21.1,1.2,176091
2024-09-27,금,0,22.7,28.0,19.1,0,191559
2024-09-28,토,0,23.2,27.9,19.2,0,168997
2024-09-29,일,0,23.5,29.0,19.1,0,154568
2024-09-30,월,0,23.0,28.5,18.3,0,186547
2024-10-01,화,1,18.3,21.7,13.3,2.5,131745
2024-10-02,수,0,14.9,19.9,11.6,0,176823
2024-10-03,목,1,16.4,22.5,10.8,0,154007
2024-10-04,금,0,17.6,24.2,11.9,0,181952
2024-10-05,토,0,17.5,24.4,11.6,0,165473
2024-10-06,일,0,15.4,17.9,12.3,0.0,108639
2024-10-07,월,0,16.9,20.7,14.0,0,173872
2024-10-08,화,0,17.7,23.9,12.7,0,182664
2024-10-09,수,1,18.8,24.4,13.9,0,160340
2024-10-10,목,0,18.8,24.1,15.3,0.0,180109
2024-10-11,금,0,18.6,24.4,13.9,0,189266
2024-10-12,토,0,18.3,24.7,13.4,0,161684
2024-10-13,일,0,18.3,22.6,12.6,0,142166
2024-10-14,월,0,19.3,21.5,17.6,0.0,171295
2024-10-15,화,0,19.2,21.9,17.6,0.5,155604
2024-10-16,수,0,18.2,24.2,14.4,0,181078
2024-10-17,목,0,19.0,25.7,13.8,0,181145
2024-10-18,금,0,17.4,18.8,16.2,47.1,78668
2024-10-19,토,0,16.6,21.1,12.4,1.0,130845
2024-10-20,일,0,13.4,17.8,10.5,0,122486
2024-10-21,월,0,14.8,19.3,9.7,0.0,154397
2024-10-22,화,0,15.5,16.6,14.9,20.6,26815
2024-10-23,수,0,12.7,15.5,9.4,2.3,143666
2024-10-24,목,0,12.5,18.4,7.1,0,159349
2024-10-25,금,0,14.9,21.5,8.7,0,166441
2024-10-26,토,0,17.0,24.0,10.7,0,145491
2024-10-27,일,0,16.0,18.8,14.0,0.0,110954
2024-10-28,월,0,15.7,20.4,12.3,0.0,159255
2024-10-29,화,0,15.0,18.3,13.4,0.0,154485
2024-10-30,수,0,15.7,21.4,11.4,0,167842
2024-10-31,목,0,15.9,22.6,11.0,0,167804
2024-11-01,금,0,15.3,18.7,12.9,0,166352
2024-11-02,토,0,18.1,25.1,13.0,0,146369
2024-11-03,일,0,17.6,23.5,13.0,0.0,132608
2024-11-04,월,0,14.8,18.3,8.9,0.1,153211
2024-11-05,화,0,9.1,14.7,5.6,0,145613
2024-11-06,수,0,7.5,12.5,4.1,0,138890
2024-11-07,목,0,7.8,15.7,1.6,0,140412
2024-11-08,금,0,10.2,18.1,3.1,0,146623
2024-11-09,토,0,12.9,20.3,6.8,0,125844
2024-11-10,일,0,14.4,21.0,10.3,0,115693
2024-11-11,월,0,14.6,21.8,9.7,0,155308
2024-11-12,화,0,14.3,19.2,11.0,0,158269
2024-11-13,수,0,14.2,21.3,8.3,0,162948
2024-11-14,목,0,14.8,16.8,13.2,0.1,137460
2024-11-15,금,0,17.0,21.5,13.7,0.0,158812
2024-11-16,토,0,17.0,22.6,14.4,6.5,80373
2024-11-17,일,0,7.0,14.4,2.1,0,78605
2024-11-18,월,0,2.8,7.9,-0.7,0,109671
2024-11-19,화,0,5.7,11.3,0.3,0,124653
2024-11-20,수,0,6.5,9.6,2.4,0,124079
2024-11-21,목,0,9.7,14.1,6.0,0.0,127447
2024-11-22,금,0,6.2,10.6,3.3,0,127401
2024-11-23,토,0,6.4,12.6,1.5,0,95077
2024-11-24,일,0,7.4,14.2,2.6,0,85906
2024-11-25,월,0,10.1,15.4,3.6,0.0,130570
2024-11-26,화,0,5.8,12.7,1.0,26.0,35382
2024-11-27,수,0,-0.4,1.2,-1.3,22.4,20902
2024-11-28,목,0,0.8,3.4,-1.7,4.9,42959
2024-11-29,금,0,0.2,3.4,-3.4,0.0,73911
2024-11-30,토,0,2.5,5.6,-0.5,0.0,57421
2024-12-01,일,0,5.2,8.2,1.6,0.5,58687
2024-12-02,월,0,6.4,13.0,0.6,0.0,100407
2024-12-03,화,0,1.3,5.2,-2.4,0.0,94715
2024-12-04,수,0,3.1,6.9,-0.6,0.0,97368
2024-12-05,목,0,3.9,8.8,-0.1,1.8,83581
2024-12-06,금,0,2.1,5.2,-0.4,0,92782
2024-12-07,토,0,0.2,4.6,-2.5,0,66499
2024-12-08,일,0,-0.2,4.1,-3.9,0,50136
2024-12-09,월,0,1.0,7.4,-3.8,0,89578
2024-12-10,화,0,2.6,6.9,-1.9,0,95365
2024-12-11,수,0,3.0,8.2,0.2,0,98561
2024-12-12,목,0,0.5,5.4,-3.2,0,91968
2024-12-13,금,0,1.0,4.5,-1.5,0,89567
2024-12-14,토,0,-0.8,2.5,-3.6,0,64506
2024-12-15,일,0,1.2,5.4,-2.2,0.0,51241
2024-12-16,월,0,-0.2,3.9,-3.3,0.0,78057
2024-12-17,화,0,-0.8,3.8,-3.5,0,83411
2024-12-18,수,0,-3.4,0.9,-6.2,0,76133
2024-12-19,목,0,-1.4,4.9,-6.7,0,79361
2024-12-20,금,0,1.4,5.3,-2.1,0.4,80202
2024-12-21,토,0,-0.7,1.9,-4.7,2.9,39455
2024-12-22,일,0,-3.4,1.0,-7.7,0,37977
2024-12-23,월,0,0.3,6.7,-5.0,0,76138
2024-12-24,화,0,-0.4,5.1,-4.3,0,77780
2024-12-25,수,1,2.7,6.5,-1.1,0.1,45247
2024-12-26,목,0,0.1,4.2,-4.8,0.0,69109
2024-12-27,금,0,-2.6,1.8,-5.9,0.0,68325
2024-12-28,토,0,-3.0,1.1,-6.7,0,45732
2024-12-29,일,0,1.1,6.1,-4.2,0,43614
2024-12-30,월,0,5.5,10.1,1.9,0.0,79477
2024-12-31,화,0,0.6,4.9,-2.0,0.0,72940
2025-01-01,수,1,2.6,8.9,-2.5,0,48644
2025-01-02,목,0,0.5,6.0,-2.9,0,77710
2025-01-03,금,0,-1.1,3.2,-5.1,0.0,77047
2025-01-04,토,0,-0.1,5.7,-5.4,0,56592
2025-01-05,일,0,1.2,2.5,-0.7,6.7,19712
2025-01-06,월,0,1.0,3.4,-3.0,3.0,62518
2025-01-07,화,0,-2.6,1.5,-5.7,0.1,68397
2025-01-08,수,0,-3.4,0.2,-6.1,0.0,66710
2025-01-09,목,0,-9.7,-6.1,-11.6,0.0,47967
2025-01-10,금,0,-7.3,-1.7,-12.2,0,54566
2025-01-11,토,0,-5.1,0.4,-9.5,0,42551
2025-01-12,일,0,-3.4,2.5,-8.2,0,38308
2025-01-13,월,0,-0.4,4.1,-5.6,1.3,50934
2025-01-14,화,0,2.3,5.2,-1.7,0.1,61050
2025-01-15,수,0,-3.5,-0.5,-5.3,0,64299
2025-01-16,목,0,-0.5,2.8,-4.9,0.0,68297
2025-01-17,금,0,-0.5,5.6,-4.9,0,73516
2025-01-18,토,0,1.0,7.5,-4.0,0,56931
2025-01-19,일,0,3.8,9.0,-1.2,0,51398
2025-01-20,월,0,3.9,7.5,0.9,0.0,76903
2025-01-21,화,0,2.4,6.3,-1.0,0,76556
2025-01-22,수,0,3.6,7.7,0.5,0,80513
2025-01-23,목,0,2.0,7.7,-2.4,0,81300
2025-01-24,금,0,3.1,10.6,-2.7,0,85267
2025-01-25,토,0,5.2,11.4,1.2,0,63695
2025-01-26,일,0,4.6,7.5,1.8,0,49383
2025-01-27,월,1,0.2,5.1,-2.7,5.6,16745
2025-01-28,화,1,-3.9,-2.5,-5.3,0.1,15070
2025-01-29,수,1,-4.6,-1.3,-6.4,0.2,16398
2025-01-30,목,1,-3.8,-1.0,-7.5,0,28784
2025-01-31,금,0,-0.8,0.7,-2.6,2.4,26429
2025-02-01,토,0,1.6,7.9,-2.0,0,42902
2025-02-02,일,0,1.5,6.8,-2.5,0.0,47225
2025-02-03,월,0,-4.1,0.6,-8.2,0,58098
2025-02-04,화,0,-9.0,-5.3,-11.5,0,49322
2025-02-05,수,0,-8.6,-3.7,-11.8,0,50830
2025-02-06,목,0,-5.6,-0.2,-11.5,2.3,37904
2025-02-07,금,0,-8.0,-4.7,-10.7,0.4,25539
2025-02-08,토,0,-7.9,-3.4,-11.5,0,29054
2025-02-09,일,0,-4.7,1.7,-9.6,0,30724
2025-02-10,월,0,-2.6,2.6,-7.5,0.0,59298
2025-02-11,화,0,0.5,7.0,-5.7,0,70884
2025-02-12,수,0,0.5,2.5,-2.9,2.5,35465
2025-02-13,목,0,0.2,6.1,-5.8,0,68736
2025-02-14,금,0,3.7,10.1,-1.6,0,79240
2025-02-15,토,0,4.1,7.8,0.4,0,60413
2025-02-16,일,0,4.3,9.7,0.4,0,53212
